code,category,name,unit,unit_price,notes
LND-A.1.1,أعمال اللاندسكيب والموقع العام,جرانيت أصفر ريفي 200×600×40مم، مطرقي، على بلاطة - رصف مواقف TL9,m²,210.0,"اللاندسكيب - أ. أعمال اللاندسكيب الصلب / LANDSCAPE - A. HARD | 200x600x40mm yellow rustic granite, bush hammered, on RC slab - Parking pavement | مصدر: عرض مشروع قلب نجد 2026"
LND-A.2.1,أعمال اللاندسكيب والموقع العام,جرانيت أصفر ريفي 600×600×40مم، مطرقي - رصف ممر مركبات TL6,m²,230.0,"اللاندسكيب - أ. أعمال اللاندسكيب الصلب / LANDSCAPE - A. HARD | 600x600x40mm yellow rustic granite, bush hammered, on RC slab - Driveway pavemen | مصدر: عرض مشروع قلب نجد 2026"
LND-A.3.1,أعمال اللاندسكيب والموقع العام,حافة ستانلس 40×6مم - رصف مثلثي MT1,mrun,85.0,اللاندسكيب - أ. أعمال اللاندسكيب الصلب / LANDSCAPE - A. HARD | 40x6mm stainless steel edging - Triangular pavement MT1 | مصدر: عرض مشروع قلب نجد 2026
LND-A.4.1,أعمال اللاندسكيب والموقع العام,جرانيت أصفر ريفي 225×600×40مم، مصقول - نمط مثلثي TL8,m²,270.0,"اللاندسكيب - أ. أعمال اللاندسكيب الصلب / LANDSCAPE - A. HARD | 225x600x40mm yellow rustic granite, polished - Triangular pattern TL8 | مصدر: عرض مشروع قلب نجد 2026"
LND-A.5.1,أعمال اللاندسكيب والموقع العام,كسوة حجر رياض 20مم لجدار محيطي، تثبيت جاف ستانلس - TL13,m²,230.0,"اللاندسكيب - أ. أعمال اللاندسكيب الصلب / LANDSCAPE - A. HARD | 20mm Riyadh limestone cladding to perimeter wall, dry fixed SS system - TL13 | مصدر: عرض مشروع قلب نجد 2026"
LND-A.6.1,أعمال اللاندسكيب والموقع العام,حجر رياض 600×600×20مم تشطيب عتيق - أبرون المبنى TL1,m²,210.0,اللاندسكيب - أ. أعمال اللاندسكيب الصلب / LANDSCAPE - A. HARD | 600x600x20mm Riyadh limestone antique finish - Building apron TL1 | مصدر: عرض مشروع قلب نجد 2026
LND-A.7.1,أعمال اللاندسكيب والموقع العام,شلال مائي كبير قاعدة وجدران خرسانية 35200×5500×450مم شامل العزل,LS,132000.0,اللاندسكيب - أ. أعمال اللاندسكيب الصلب / LANDSCAPE - A. HARD | Grand water cascade RC base/walls 35200x5500x450mm incl waterproofing | مصدر: عرض مشروع قلب نجد 2026
LND-A.7.2,أعمال اللاندسكيب والموقع العام,جرانيت أسود مصقول 600×600×20مم - أرضية/جدار داخلي الشلال TL5,m²,370.0,اللاندسكيب - أ. أعمال اللاندسكيب الصلب / LANDSCAPE - A. HARD | 600x600x20mm black granite polished - Cascade floor/internal wall TL5 | مصدر: عرض مشروع قلب نجد 2026
LND-A.7.3,أعمال اللاندسكيب والموقع العام,موزاييك أسود مطفي 33×80مم - جدار خارجي الشلال TL14,m²,300.0,اللاندسكيب - أ. أعمال اللاندسكيب الصلب / LANDSCAPE - A. HARD | 33x80mm black scale light mosaic matte - Cascade external wall TL14 | مصدر: عرض مشروع قلب نجد 2026
LND-A.8.1,أعمال اللاندسكيب والموقع العام,لوحة مضيئة 'قلب نجد' 6925×800×100مم، إطار ستانلس + أكريليك,LS,61200.0,"اللاندسكيب - أ. أعمال اللاندسكيب الصلب / LANDSCAPE - A. HARD | Light box lettering 'قلب نجد' 6925x800x100mm, 29LT Azer Medium, SS frame + acryl | مصدر: عرض مشروع قلب نجد 2026"
LND-A.8.2,أعمال اللاندسكيب والموقع العام,لوحة مضيئة 'NJD'S HEART' 6955×825×100مم، إطار ستانلس + أكريليك,LS,69850.0,"اللاندسكيب - أ. أعمال اللاندسكيب الصلب / LANDSCAPE - A. HARD | Light box lettering 'NJD'S HEART' 6955x825x100mm, Fedra Sans Pro Book, SS frame  | مصدر: عرض مشروع قلب نجد 2026"
LND-A.8.3,أعمال اللاندسكيب والموقع العام,لوحة خلفية 7800×3700×200مم، هيكل فولاذي مجلفن ملحوم، إيبوكسي,LS,50500.0,"اللاندسكيب - أ. أعمال اللاندسكيب الصلب / LANDSCAPE - A. HARD | Backdrop panel 7800x3700x200mm, welded 50x50x3mm galvanized MS hollow section, e | مصدر: عرض مشروع قلب نجد 2026"
LND-A.8.4,أعمال اللاندسكيب والموقع العام,كسوة جرانيت 20مم للخلفية، نظام تثبيت جاف، كليبسات ستانلس مخفية,LS,42000.0,"اللاندسكيب - أ. أعمال اللاندسكيب الصلب / LANDSCAPE - A. HARD | 20mm granite cladding to backdrop, dry-fix system, concealed SS clips triangular | مصدر: عرض مشروع قلب نجد 2026"
LND-A.8.5,أعمال اللاندسكيب والموقع العام,توريد وتركيب منحوتات حسب هوية المشروع (داخلي وخارجي),LS,30000.0,اللاندسكيب - أ. أعمال اللاندسكيب الصلب / LANDSCAPE - A. HARD | Sculpture supply & installation per RFP project identity (internal & external) | مصدر: عرض مشروع قلب نجد 2026
LND-A.9.1,أعمال اللاندسكيب والموقع العام,نافورة مركزية قاعدة وجدران خرسانية 58047×1410×710مم شامل العزل,LS,150000.0,اللاندسكيب - أ. أعمال اللاندسكيب الصلب / LANDSCAPE - A. HARD | Central water feature RC base/walls 58047x1410x710mm incl waterproofing | مصدر: عرض مشروع قلب نجد 2026
LND-A.9.2,أعمال اللاندسكيب والموقع العام,جرانيت أسود مصقول 600×600×20مم - جدار داخلي النافورة TL5,m²,410.0,اللاندسكيب - أ. أعمال اللاندسكيب الصلب / LANDSCAPE - A. HARD | 600x600x20mm black granite polished - Central feature internal wall TL5 | مصدر: عرض مشروع قلب نجد 2026
LND-A.9.3,أعمال اللاندسكيب والموقع العام,جرانيت أسود مصقول 600×600×20مم - جدار خارجي نوع 1 TL5,m²,400.0,اللاندسكيب - أ. أعمال اللاندسكيب الصلب / LANDSCAPE - A. HARD | 600x600x20mm black granite polished - Central feature external wall type 1 TL5 | مصدر: عرض مشروع قلب نجد 2026
LND-A.9.4,أعمال اللاندسكيب والموقع العام,موزاييك ذهبي مطفي 33×80مم - جدار خارجي نوع 2 TL7,m²,360.0,اللاندسكيب - أ. أعمال اللاندسكيب الصلب / LANDSCAPE - A. HARD | 33x80mm gold scale light mosaic matte - Central feature external wall type 2 TL7 | مصدر: عرض مشروع قلب نجد 2026
LND-A.10.1,أعمال اللاندسكيب والموقع العام,صرف خطي شبك ستانلس 3-5مم + حصى أبيض - ST1,m²,310.0,اللاندسكيب - أ. أعمال اللاندسكيب الصلب / LANDSCAPE - A. HARD | Scupper drain 3-5mm SS grating brushed + 15-20mm white gravel - ST1 | مصدر: عرض مشروع قلب نجد 2026
LND-A.11.1,أعمال اللاندسكيب والموقع العام,حافة ستانلس 40مم ارتفاع، 6مم على حوض - MT3,mrun,98.0,"اللاندسكيب - أ. أعمال اللاندسكيب الصلب / LANDSCAPE - A. HARD | 40mm H, 6mm SS edging on RC planter - MT3 | مصدر: عرض مشروع قلب نجد 2026"
LND-A.12.1,أعمال اللاندسكيب والموقع العام,صادم سيارات 300مم × 75مم GI دهان أسود مطفي - حاجز أمان MT2,mrun,260.0,اللاندسكيب - أ. أعمال اللاندسكيب الصلب / LANDSCAPE - A. HARD | 300mm H x 75mm dia car stopper GI powder coated black matte - Safety railing MT2 | مصدر: عرض مشروع قلب نجد 2026
LND-A.13.1,أعمال اللاندسكيب والموقع العام,درجات طافية - 8 قطع 3500×650مم، قائمة 170مم، خرسانة + جرانيت 40مم TL10,m²,480.0,"اللاندسكيب - أ. أعمال اللاندسكيب الصلب / LANDSCAPE - A. HARD | Floating steps tread/riser - 8 pcs 3500x650mm, 170mm riser, RC + 40mm granite TL | مصدر: عرض مشروع قلب نجد 2026"
LND-A.13.2,أعمال اللاندسكيب والموقع العام,أنف درجات شريط ستانلس 3مم - MT1,mrun,85.0,اللاندسكيب - أ. أعمال اللاندسكيب الصلب / LANDSCAPE - A. HARD | Steps nosing 3mm SS strip inlay - MT1 | مصدر: عرض مشروع قلب نجد 2026
LND-A.13.3,أعمال اللاندسكيب والموقع العام,درابزين 900مم × 10مم GI دهان أسود - MT4,mrun,420.0,اللاندسكيب - أ. أعمال اللاندسكيب الصلب / LANDSCAPE - A. HARD | 900mm H x 10mm GI steel rod railing black powder coated - MT4 | مصدر: عرض مشروع قلب نجد 2026
LND-A.14.1,أعمال اللاندسكيب والموقع العام,درجات سلم 300×600×20مم جرانيت أصفر مطرقي - TL11,m²,360.0,اللاندسكيب - أ. أعمال اللاندسكيب الصلب / LANDSCAPE - A. HARD | Staircase tread/riser 300x600x20mm yellow rustic granite bush hammered - TL11 | مصدر: عرض مشروع قلب نجد 2026
LND-A.14.2,أعمال اللاندسكيب والموقع العام,أنف درجات شريط ستانلس 3مم - MT1,mrun,90.0,اللاندسكيب - أ. أعمال اللاندسكيب الصلب / LANDSCAPE - A. HARD | Steps nosing 3mm SS strip inlay - MT1 | مصدر: عرض مشروع قلب نجد 2026
LND-A.14.3,أعمال اللاندسكيب والموقع العام,درابزين 900مم × 40مم GI دهان أسود - MT4,mrun,375.0,اللاندسكيب - أ. أعمال اللاندسكيب الصلب / LANDSCAPE - A. HARD | 900mm H x 40mm dia GI steel railing black powder coated - MT4 | مصدر: عرض مشروع قلب نجد 2026
LND-A.15.1,أعمال اللاندسكيب والموقع العام,كربستون جرانيت ممر 300×600×150مم مشطوف، على فرشة خرسانية - TL12,mrun,195.0,"اللاندسكيب - أ. أعمال اللاندسكيب الصلب / LANDSCAPE - A. HARD | Granite driveway kerb 300x600x150mm chamfered, on concrete bedding - TL12 | مصدر: عرض مشروع قلب نجد 2026"
LND-A.16.1,أعمال اللاندسكيب والموقع العام,حوض فولاذي مجلفن 450مم، دهان برونزي - مدرج MT3,m²,480.0,"اللاندسكيب - أ. أعمال اللاندسكيب الصلب / LANDSCAPE - A. HARD | 450mm H galvanized steel planter, bronze powder coated - Tiered MT3 | مصدر: عرض مشروع قلب نجد 2026"
LND-A.16.2,أعمال اللاندسكيب والموقع العام,حوض فولاذي مجلفن 600مم، دهان برونزي - مدرج MT3,m²,480.0,"اللاندسكيب - أ. أعمال اللاندسكيب الصلب / LANDSCAPE - A. HARD | 600mm H galvanized steel planter, bronze powder coated - Tiered MT3 | مصدر: عرض مشروع قلب نجد 2026"
LND-A.16.3,أعمال اللاندسكيب والموقع العام,حوض فولاذي مجلفن 900مم، دهان برونزي - مدرج MT3,m²,480.0,"اللاندسكيب - أ. أعمال اللاندسكيب الصلب / LANDSCAPE - A. HARD | 900mm H galvanized steel planter, bronze powder coated - Tiered MT3 | مصدر: عرض مشروع قلب نجد 2026"
LND-A.17.1,أعمال اللاندسكيب والموقع العام,حوض فولاذي مجلفن 450مم برونزي - معرض الإنزال MT3,m²,480.0,اللاندسكيب - أ. أعمال اللاندسكيب الصلب / LANDSCAPE - A. HARD | 450mm H galvanized steel planter bronze - Gallery dropoff MT3 | مصدر: عرض مشروع قلب نجد 2026
LND-A.18.1,أعمال اللاندسكيب والموقع العام,لوحة مضيئة 'قلب نجد' 4410×520×50مم إطار ستانلس + أكريليك,LS,28000.0,اللاندسكيب - أ. أعمال اللاندسكيب الصلب / LANDSCAPE - A. HARD | Light box lettering 'قلب نجد' 4410x520x50mm SS frame + acrylic | مصدر: عرض مشروع قلب نجد 2026
LND-A.18.2,أعمال اللاندسكيب والموقع العام,لوحة مضيئة 'NJD'S HEART' 4410×530×50مم إطار ستانلس + أكريليك,LS,29500.0,اللاندسكيب - أ. أعمال اللاندسكيب الصلب / LANDSCAPE - A. HARD | Light box lettering 'NJD'S HEART' 4410x530x50mm SS frame + acrylic | مصدر: عرض مشروع قلب نجد 2026
LND-A.19.1,أعمال اللاندسكيب والموقع العام,لوحة إرشادية اتجاهية 270×750×100مم فولاذ مجلفن برونزي، مضيئة LED,nos,2450.0,"اللاندسكيب - أ. أعمال اللاندسكيب الصلب / LANDSCAPE - A. HARD | Wayfinding directional signage 270x750x100mm galvanized steel bronze, LED illumi | مصدر: عرض مشروع قلب نجد 2026"
LND-A.20.1,أعمال اللاندسكيب والموقع العام,عمود حماية دائري 100مم × 900مم × 3مم ستانلس,nos,785.0,اللاندسكيب - أ. أعمال اللاندسكيب الصلب / LANDSCAPE - A. HARD | Circular bollard 100mm dia x 900mm H x 3mm SS | مصدر: عرض مشروع قلب نجد 2026
LND-A.21.1,أعمال اللاندسكيب والموقع العام,حوض فولاذي مجلفن 450مم برونزي - الركن الجنوبي الغربي MT3,m²,480.0,اللاندسكيب - أ. أعمال اللاندسكيب الصلب / LANDSCAPE - A. HARD | 450mm H galvanized steel planter bronze - SW corner MT3 | مصدر: عرض مشروع قلب نجد 2026
LND-A.21.2,أعمال اللاندسكيب والموقع العام,حوض فولاذي مجلفن 600مم برونزي - الركن الجنوبي الغربي MT3,m²,480.0,اللاندسكيب - أ. أعمال اللاندسكيب الصلب / LANDSCAPE - A. HARD | 600mm H galvanized steel planter bronze - SW corner MT3 | مصدر: عرض مشروع قلب نجد 2026
LND-A.21.3,أعمال اللاندسكيب والموقع العام,حوض فولاذي مجلفن 900مم برونزي - الركن الجنوبي الغربي MT3,m²,480.0,اللاندسكيب - أ. أعمال اللاندسكيب الصلب / LANDSCAPE - A. HARD | 900mm H galvanized steel planter bronze - SW corner MT3 | مصدر: عرض مشروع قلب نجد 2026
LND-A.22.1,أعمال اللاندسكيب والموقع العام,لوحة مضيئة 'قلب نجد' 4410×520×50مم - الركن الجنوبي الغربي,LS,35000.0,اللاندسكيب - أ. أعمال اللاندسكيب الصلب / LANDSCAPE - A. HARD | Light box lettering 'قلب نجد' 4410x520x50mm SS frame + acrylic - SW corner | مصدر: عرض مشروع قلب نجد 2026
LND-A.22.2,أعمال اللاندسكيب والموقع العام,لوحة مضيئة 'NJD'S HEART' 4410×530×50مم - الركن الجنوبي الغربي,LS,35000.0,اللاندسكيب - أ. أعمال اللاندسكيب الصلب / LANDSCAPE - A. HARD | Light box lettering 'NJD'S HEART' 4410x530x50mm SS frame + acrylic - SW corner | مصدر: عرض مشروع قلب نجد 2026
LND-B.1.1,أعمال اللاندسكيب والموقع العام,خلطة تربة للأحواض (بيرلايت 30%، كوكوبيت 30%، سماد 20%، محسّن 15%، رمل 5%),m³,170.0,"اللاندسكيب - ب. أعمال اللاندسكيب الناعم / LANDSCAPE - B. SOF | Soil mix for planter (Perlite/Pumice 30%, Cocopeat 30%, Compost 20%, Conditioner | مصدر: عرض مشروع قلب نجد 2026"
LND-B.1.2,أعمال اللاندسكيب والموقع العام,تدعيم رباعي للأشجار >300مم، 4 قوائم فولاذ 75×75×2400مم,nos,210.0,"اللاندسكيب - ب. أعمال اللاندسكيب الناعم / LANDSCAPE - B. SOF | Quad staking for trees >300mm dia, 4 MS steel 75x75x2400mm powder coated | مصدر: عرض مشروع قلب نجد 2026"
LND-B.1.3,أعمال اللاندسكيب والموقع العام,درينسل 25مم لأرضية/جدار الحوض + جيوتكستايل,m²,40.0,اللاندسكيب - ب. أعمال اللاندسكيب الناعم / LANDSCAPE - B. SOF | 25mm draincell to floor/wall of planter box + geotextile | مصدر: عرض مشروع قلب نجد 2026
LND-B.1.4,أعمال اللاندسكيب والموقع العام,نظام تثبيت أشجار تحت الأرض D-MAN (إلميخ أو ما يعادله),nos,220.0,اللاندسكيب - ب. أعمال اللاندسكيب الناعم / LANDSCAPE - B. SOF | Underground tree anchoring D-MAN modules (Elmich or equal) | مصدر: عرض مشروع قلب نجد 2026
LND-B.2.1,أعمال اللاندسكيب والموقع العام,شجرة زيتون TD1200مم OH3م,nos,2500.0,اللاندسكيب - ب. أعمال اللاندسكيب الناعم / LANDSCAPE - B. SOF | Olea europea (Olive Tree) TD1200mm OH3m | مصدر: عرض مشروع قلب نجد 2026
LND-B.2.2,أعمال اللاندسكيب والموقع العام,نخيل مروحي أوروبي TD200مم OH3.5م متعدد السيقان,nos,1550.0,اللاندسكيب - ب. أعمال اللاندسكيب الناعم / LANDSCAPE - B. SOF | Chamaerops humilis (European fan palm) TD200mm OH3.5m multitrunk | مصدر: عرض مشروع قلب نجد 2026
LND-B.2.3,أعمال اللاندسكيب والموقع العام,شجرة أرجون TD200مم OH5م,nos,1800.0,اللاندسكيب - ب. أعمال اللاندسكيب الناعم / LANDSCAPE - B. SOF | Terminalia arjuna (Arjun tree) TD200mm OH5m | مصدر: عرض مشروع قلب نجد 2026
LND-B.2.4,أعمال اللاندسكيب والموقع العام,نخيل تمر TD600مم OH10م,nos,3500.0,اللاندسكيب - ب. أعمال اللاندسكيب الناعم / LANDSCAPE - B. SOF | Phoenix dactylifera (Date palm) TD600mm OH10m | مصدر: عرض مشروع قلب نجد 2026
LND-B.2.5,أعمال اللاندسكيب والموقع العام,شجيرة باروميتر OH450مم,nos,23.0,اللاندسكيب - ب. أعمال اللاندسكيب الناعم / LANDSCAPE - B. SOF | Leucophyllum frutescens (Barometer bush) OH450mm | مصدر: عرض مشروع قلب نجد 2026
LND-B.2.6,أعمال اللاندسكيب والموقع العام,قطف متوسطي OH450مم,nos,23.0,اللاندسكيب - ب. أعمال اللاندسكيب الناعم / LANDSCAPE - B. SOF | Atriplex halimus (Mediterranean saltbush) OH450mm | مصدر: عرض مشروع قلب نجد 2026
LND-B.2.7,أعمال اللاندسكيب والموقع العام,ياسمين بري OH450مم,nos,23.0,اللاندسكيب - ب. أعمال اللاندسكيب الناعم / LANDSCAPE - B. SOF | Clerodendrum inerme (Wild Jasmine) OH450mm | مصدر: عرض مشروع قلب نجد 2026
LND-B.2.8,أعمال اللاندسكيب والموقع العام,حناء OH450مم,nos,23.0,اللاندسكيب - ب. أعمال اللاندسكيب الناعم / LANDSCAPE - B. SOF | Lawsonia inermis (Henna) OH450mm | مصدر: عرض مشروع قلب نجد 2026
LND-B.3.1,أعمال اللاندسكيب والموقع العام,نظام ري آلي كامل (يعادل مواصفات Urban Hydro),LS,102000.0,اللاندسكيب - ب. أعمال اللاندسكيب الناعم / LANDSCAPE - B. SOF | Auto-irrigation system complete (equivalent to Urban Hydro spec) | مصدر: عرض مشروع قلب نجد 2026
LND-B.3.2,أعمال اللاندسكيب والموقع العام,وحدة تحكم ري Rain Bird ESP-RZXE,nos,1100.0,اللاندسكيب - ب. أعمال اللاندسكيب الناعم / LANDSCAPE - B. SOF | Rain Bird ESP-RZXE irrigation control box timer | مصدر: عرض مشروع قلب نجد 2026
LND-B.3.3,أعمال اللاندسكيب والموقع العام,محبس تحكم Rain Bird 100 DV 1 بوصة,nos,550.0,"اللاندسكيب - ب. أعمال اللاندسكيب الناعم / LANDSCAPE - B. SOF | Rain Bird 100 DV 1"" control valve in valve box | مصدر: عرض مشروع قلب نجد 2026"
LND-B.3.4,أعمال اللاندسكيب والموقع العام,أنابيب تنقيط تحت السطح 16-18مم,mrun,20.0,اللاندسكيب - ب. أعمال اللاندسكيب الناعم / LANDSCAPE - B. SOF | 16-18mm OD subsurface drip tubing | مصدر: عرض مشروع قلب نجد 2026
LND-B.3.5,أعمال اللاندسكيب والموقع العام,نقطة مياه 1 بوصة,nos,350.0,"اللاندسكيب - ب. أعمال اللاندسكيب الناعم / LANDSCAPE - B. SOF | 1"" water inlet/tap point | مصدر: عرض مشروع قلب نجد 2026"
LND-B.4.1,أعمال اللاندسكيب والموقع العام,تسوية بلاطة خرسانية 10سم + أضلاع خرسانة خفيفة + عزل مائي,m²,110.0,"اللاندسكيب - ب. أعمال اللاندسكيب الناعم / LANDSCAPE - B. SOF | Leveling RC slab 10cm (300 kg/cm²) + lightweight concrete ribs, voids w/ foam, w | مصدر: عرض مشروع قلب نجد 2026"
INT-5.1.1,التشطيبات الداخلية والأعمال المعمارية,درج حلزوني (طول كلي 9م، ارتفاع رأسي 3.5م),No,82000.0,"القسم 5 - الأعمال المعدنية / DIVISION 5 - METAL WORKS | Helical Stair (total length 9.0m, vertical height 3.5m) | مصدر: عرض مشروع قلب نجد 2026"
INT-5.2.1,التشطيبات الداخلية والأعمال المعمارية,لوح ألمنيوم 4مم دهان رش لاكيه؛ ارتفاع 1500مم (درابزين),Item,29925.0,القسم 5 - الأعمال المعدنية / DIVISION 5 - METAL WORKS | 4mm BMT aluminum plate spray lacquered coating; 1500mm high (Balustrade) | مصدر: عرض مشروع قلب نجد 2026
INT-5.4.1,التشطيبات الداخلية والأعمال المعمارية,درابزين منحني نحاس 38مم قطر × 1.5مم,Item,18000.0,القسم 5 - الأعمال المعدنية / DIVISION 5 - METAL WORKS | Curved handrail 38mm dia x 1.5mm BMT Brass tube | مصدر: عرض مشروع قلب نجد 2026
INT-5.5.1,التشطيبات الداخلية والأعمال المعمارية,لوح ألمنيوم 4مم، ملحوم/مصقول، دهان رش لاكيه,m²,525.0,"القسم 5 - الأعمال المعدنية / DIVISION 5 - METAL WORKS | BMT aluminum plate 4mm thick, welded/polished, spray lacquered | مصدر: عرض مشروع قلب نجد 2026"
INT-5.6.1,التشطيبات الداخلية والأعمال المعمارية,لوح ألمنيوم جداري 5مم، ملحوم/مصقول، دهان رش لاكيه,m²,572.0,"القسم 5 - الأعمال المعدنية / DIVISION 5 - METAL WORKS | BMT aluminum wall panel 5mm thick, welded/polished, spray lacquered | مصدر: عرض مشروع قلب نجد 2026"
INT-5.7.1,التشطيبات الداخلية والأعمال المعمارية,قاطع 6مم لوح ألمنيوم دهان رش لاكيه (لوبي أرضي ج/ش، دورة مياه ميزانين ش),m²,645.0,"القسم 5 - الأعمال المعدنية / DIVISION 5 - METAL WORKS | Screen 6mm thick BMT aluminum sheet spray lacquered (GF lobby S/N, mezz toilet N | مصدر: عرض مشروع قلب نجد 2026"
INT-5.8.1,التشطيبات الداخلية والأعمال المعمارية,كاونتر معدني نحاس 2.0مم ملحوم/مصقول (لوبي أرضي),m²,2700.0,القسم 5 - الأعمال المعدنية / DIVISION 5 - METAL WORKS | Metal counter BMT brass plate 2.0mm thick welded/polished (GF lobby) | مصدر: عرض مشروع قلب نجد 2026
INT-5.9.1,التشطيبات الداخلية والأعمال المعمارية,قاطع نحاس 6مم زخرفة نحاسية مصقولة (لوبي أرضي ج/ش),m²,1850.0,القسم 5 - الأعمال المعدنية / DIVISION 5 - METAL WORKS | Brass sheet screen 6mm thick Brass ornament polished (GF lobby S/N) | مصدر: عرض مشروع قلب نجد 2026
INT-8.1.1,التشطيبات الداخلية والأعمال المعمارية,بوابة إلكترونية أوتوماتيكية KONE مع تحكم دخول وإنذار حريق، 1900×1020مم DR4,Item,22000.0,"القسم 8 - الأبواب والنوافذ / DIVISION 8 - DOORS AND WINDOWS | KONE automated electronic turnstile w/ access control & fire alarm, polycarbonat | مصدر: عرض مشروع قلب نجد 2026"
INT-8.1.2,التشطيبات الداخلية والأعمال المعمارية,باب صلب 18مم بكسوة حجر طبيعي، دهان مصنعي للخلف,No,6500.0,"القسم 8 - الأبواب والنوافذ / DIVISION 8 - DOORS AND WINDOWS | Solid core door 18mm natural stone facing, factory lacquer reverse (5241 4.3) | مصدر: عرض مشروع قلب نجد 2026"
INT-8.1.3,التشطيبات الداخلية والأعمال المعمارية,باب حريق فولاذي 60/60 دقيقة، كسوة حجر 18مم,No,5200.0,"القسم 8 - الأبواب والنوافذ / DIVISION 8 - DOORS AND WINDOWS | FRR -/60/60sm steel fire/smokestop door, hold-open, 18mm stone facing (5241 4.1) | مصدر: عرض مشروع قلب نجد 2026"
INT-8.1.4,التشطيبات الداخلية والأعمال المعمارية,باب حريق 60/60 دقيقة، دهان مصنعي,No,4200.0,"القسم 8 - الأبواب والنوافذ / DIVISION 8 - DOORS AND WINDOWS | FRR -/60/60sm fire/smokestop door, factory lacquer (5241 4.2) | مصدر: عرض مشروع قلب نجد 2026"
INT-8.1.5,التشطيبات الداخلية والأعمال المعمارية,باب صلب بكسوة نحاس 0.5مم على 4 جهات، إكسسوار نحاسي,No,7000.0,"القسم 8 - الأبواب والنوافذ / DIVISION 8 - DOORS AND WINDOWS | Solid core door 0.5mm BMT brass sheet facing 4/4 sides, brass privacy hardware ( | مصدر: عرض مشروع قلب نجد 2026"
INT-8.2.1,التشطيبات الداخلية والأعمال المعمارية,إصلاح إطارات أبواب المناور بجميع الأدوار,No,280.0,القسم 8 - الأبواب والنوافذ / DIVISION 8 - DOORS AND WINDOWS | Repair shaft door frames in all floors | مصدر: عرض مشروع قلب نجد 2026
INT-8.2.2,التشطيبات الداخلية والأعمال المعمارية,إصلاح وتركيب أبواب بجميع الأدوار,No,350.0,القسم 8 - الأبواب والنوافذ / DIVISION 8 - DOORS AND WINDOWS | Repair and installing door in all floors | مصدر: عرض مشروع قلب نجد 2026
INT-8.2.3,التشطيبات الداخلية والأعمال المعمارية,إصلاح وتركيب إطارات أبواب دفاع مدني مزدوجة,No,785.0,القسم 8 - الأبواب والنوافذ / DIVISION 8 - DOORS AND WINDOWS | Repair installing civil defense two-paddle door frames | مصدر: عرض مشروع قلب نجد 2026
INT-8.2.4,التشطيبات الداخلية والأعمال المعمارية,إصلاح إطارات أبواب دفاع مدني,No,630.0,القسم 8 - الأبواب والنوافذ / DIVISION 8 - DOORS AND WINDOWS | Repair civil defense door frames | مصدر: عرض مشروع قلب نجد 2026
INT-8.2.5,التشطيبات الداخلية والأعمال المعمارية,إصلاح وتركيب إطارات أبواب مناور بجميع الأدوار,No,345.0,القسم 8 - الأبواب والنوافذ / DIVISION 8 - DOORS AND WINDOWS | Repair and installing shaft door frames in all floors | مصدر: عرض مشروع قلب نجد 2026
INT-8.2.6,التشطيبات الداخلية والأعمال المعمارية,إصلاح إطارات أبواب دفاع مدني,No,675.0,القسم 8 - الأبواب والنوافذ / DIVISION 8 - DOORS AND WINDOWS | Repairing civil defense door frames | مصدر: عرض مشروع قلب نجد 2026
INT-8.3.1,التشطيبات الداخلية والأعمال المعمارية,باب حريق دفاع مدني 90 دقيقة، مزدوج 1.40م، كامل,No,3900.0,"القسم 8 - الأبواب والنوافذ / DIVISION 8 - DOORS AND WINDOWS | Civil Defense fire-rated steel door 90 min, double-leaf 1.40m wide, complete | مصدر: عرض مشروع قلب نجد 2026"
INT-8.3.2,التشطيبات الداخلية والأعمال المعمارية,باب حريق دفاع مدني 90 دقيقة، مزدوج 1.60م، كامل,No,4100.0,"القسم 8 - الأبواب والنوافذ / DIVISION 8 - DOORS AND WINDOWS | Civil Defense fire-rated steel door 90 min, double-leaf 1.60m wide, complete | مصدر: عرض مشروع قلب نجد 2026"
INT-8.3.3,التشطيبات الداخلية والأعمال المعمارية,باب حريق دفاع مدني 90 دقيقة، فردي 0.90م، كامل,No,2300.0,"القسم 8 - الأبواب والنوافذ / DIVISION 8 - DOORS AND WINDOWS | Civil Defense fire-rated steel door 90 min, single-leaf 0.90m wide, complete | مصدر: عرض مشروع قلب نجد 2026"
INT-9.1.1,التشطيبات الداخلية والأعمال المعمارية,دهان إيبوكسي رمادي مطفي شامل اتجاهات المسارات وأرقام المواقف,m²,50.0,القسم 9 - تشطيبات الأرضيات / DIVISION 9 - FLOOR FINISHES | MATTE GRAY epoxy coatings incl pathway direction & parking number (all basements | مصدر: عرض مشروع قلب نجد 2026
INT-9.1.2,التشطيبات الداخلية والأعمال المعمارية,بلاط حجر رملي طبيعي 30مم مع حشوات معدنية,m²,480.0,"القسم 9 - تشطيبات الأرضيات / DIVISION 9 - FLOOR FINISHES | 30mm natural sandstone tiles with metal inlays, clear sealant (6221 4.4) | مصدر: عرض مشروع قلب نجد 2026"
INT-9.1.3,التشطيبات الداخلية والأعمال المعمارية,أرضيات إنترلوك شاملة التسليح وفواصل التحكم,m²,65.0,"القسم 9 - تشطيبات الأرضيات / DIVISION 9 - FLOOR FINISHES | Interlock bricks flooring incl reinforcement, control joints, sealant | مصدر: عرض مشروع قلب نجد 2026"
INT-9.1.4,التشطيبات الداخلية والأعمال المعمارية,كربستون خرساني سابق الصب 150مم شامل قاعدة 100مم,Lm,40.0,القسم 9 - تشطيبات الأرضيات / DIVISION 9 - FLOOR FINISHES | 150mm precast concrete curbstone incl 100mm concrete base | مصدر: عرض مشروع قلب نجد 2026
INT-9.1.5.1,التشطيبات الداخلية والأعمال المعمارية,عزل مائي مناطق رطبة - الأرضي حتى 57 (لياسة 20مم + طبقتين بيتومين مطاطي),m²,65.0,القسم 9 - تشطيبات الأرضيات / DIVISION 9 - FLOOR FINISHES | Wet area waterproofing - Ground to 57th floor (20mm screed + 2 coats rubberized  | مصدر: عرض مشروع قلب نجد 2026
INT-9.1.5.2,التشطيبات الداخلية والأعمال المعمارية,عزل مائي مناطق رطبة - دور نموذجي البرج الشمالي,m²,65.0,القسم 9 - تشطيبات الأرضيات / DIVISION 9 - FLOOR FINISHES | Wet area waterproofing - Typical floor North tower | مصدر: عرض مشروع قلب نجد 2026
INT-9.1.5.3,التشطيبات الداخلية والأعمال المعمارية,عزل مائي مناطق رطبة - من 54 إلى 56,m²,60.0,القسم 9 - تشطيبات الأرضيات / DIVISION 9 - FLOOR FINISHES | Wet area waterproofing - From 54th to 56th floor | مصدر: عرض مشروع قلب نجد 2026
INT-9.1.5.4,التشطيبات الداخلية والأعمال المعمارية,عزل مائي مناطق رطبة - من 25 إلى 56,m²,60.0,القسم 9 - تشطيبات الأرضيات / DIVISION 9 - FLOOR FINISHES | Wet area waterproofing - From 25th to 56th floor | مصدر: عرض مشروع قلب نجد 2026
INT-9.1.6.1,التشطيبات الداخلية والأعمال المعمارية,حشوات نحاس أرضية 10×25مم مصقولة للمصاعد,Lm,110.0,القسم 9 - تشطيبات الأرضيات / DIVISION 9 - FLOOR FINISHES | 10mm x 25mm BRASS flooring inserts polished for elevator (4910 4.1) | مصدر: عرض مشروع قلب نجد 2026
INT-9.2.1,التشطيبات الداخلية والأعمال المعمارية,إصلاح وتوريد وتطبيق لياسة جدران 20مم - داخلي,m²,28.0,القسم 9 - تشطيبات الجدران / DIVISION 9 - WALL FINISHES | Repair/supply/apply 20mm wall plaster - INTERNAL | مصدر: عرض مشروع قلب نجد 2026
INT-9.2.2,التشطيبات الداخلية والأعمال المعمارية,ألواح كسوة حجر رملي طبيعي 30مم، تشطيب مصنفر,m²,410.0,"القسم 9 - تشطيبات الجدران / DIVISION 9 - WALL FINISHES | 30mm natural sandstone lining/cladding panel, honed finish (4271 4.1) | مصدر: عرض مشروع قلب نجد 2026"
INT-9.2.3.1,التشطيبات الداخلية والأعمال المعمارية,لوح نحاس 1.5مم لقائمة باب المصعد - قبو 3,m²,1150.0,القسم 9 - تشطيبات الجدران / DIVISION 9 - WALL FINISHES | 1.5mm BMT brass sheet lift door jamb/head polished - B3 (4940 4.31) | مصدر: عرض مشروع قلب نجد 2026
INT-9.2.3.2,التشطيبات الداخلية والأعمال المعمارية,لوح نحاس 1.5مم لقائمة باب المصعد - قبو 2,m²,1150.0,القسم 9 - تشطيبات الجدران / DIVISION 9 - WALL FINISHES | 1.5mm BMT brass sheet lift door jamb/head polished - B2 | مصدر: عرض مشروع قلب نجد 2026
INT-9.2.3.3,التشطيبات الداخلية والأعمال المعمارية,لوح نحاس 1.5مم لقائمة باب المصعد - قبو 1,m²,1150.0,القسم 9 - تشطيبات الجدران / DIVISION 9 - WALL FINISHES | 1.5mm BMT brass sheet lift door jamb/head polished - B1 | مصدر: عرض مشروع قلب نجد 2026
INT-9.2.3.4,التشطيبات الداخلية والأعمال المعمارية,لوح نحاس 1.5مم لقائمة باب المصعد - الدور الأرضي,m²,1150.0,القسم 9 - تشطيبات الجدران / DIVISION 9 - WALL FINISHES | 1.5mm BMT brass sheet lift door jamb/head polished - Ground Floor | مصدر: عرض مشروع قلب نجد 2026
INT-9.2.3.5,التشطيبات الداخلية والأعمال المعمارية,لوح نحاس 1.5مم لقائمة باب المصعد - ميزانين أرضي,m²,1150.0,القسم 9 - تشطيبات الجدران / DIVISION 9 - WALL FINISHES | 1.5mm BMT brass sheet lift door jamb/head polished - GF Mezz | مصدر: عرض مشروع قلب نجد 2026
INT-9.2.4.1,التشطيبات الداخلية والأعمال المعمارية,قاطع ألمنيوم 6مم دهان رش - جدران كابينة المصعد,m²,550.0,القسم 9 - تشطيبات الجدران / DIVISION 9 - WALL FINISHES | Screen cut from 6mm BMT aluminum spray lacquered - Lift car walls | مصدر: عرض مشروع قلب نجد 2026
INT-9.2.5.1,التشطيبات الداخلية والأعمال المعمارية,مرآة زجاج أمان مقوى درجة A - كابينة المصعد,m²,290.0,القسم 9 - تشطيبات الجدران / DIVISION 9 - WALL FINISHES | Grade A toughened vinyl-backed safety glass mirror - Lift car | مصدر: عرض مشروع قلب نجد 2026
INT-9.2.6.1,التشطيبات الداخلية والأعمال المعمارية,ألواح ستانلس أسود تشطيب هيرلاين - كابينة المصعد,m²,650.0,القسم 9 - تشطيبات الجدران / DIVISION 9 - WALL FINISHES | Black stainless steel wall panels hairline finish - Lift car | مصدر: عرض مشروع قلب نجد 2026
INT-9.2.7,التشطيبات الداخلية والأعمال المعمارية,إصلاح وتوريد وتطبيق لياسة جدران 20مم - خارجي (أقبية),m²,30.0,القسم 9 - تشطيبات الجدران / DIVISION 9 - WALL FINISHES | Repair/supply/apply 20mm wall plaster - EXTERNAL (basements) | مصدر: عرض مشروع قلب نجد 2026
INT-9.2.8,التشطيبات الداخلية والأعمال المعمارية,إصلاح وتوريد دهانات ومضاد كربنة - خارجي (أقبية),m²,28.0,القسم 9 - تشطيبات الجدران / DIVISION 9 - WALL FINISHES | Repair/supply/apply paint & anti-carbonation paint - EXTERNAL (basements) | مصدر: عرض مشروع قلب نجد 2026
INT-9.3.1,التشطيبات الداخلية والأعمال المعمارية,لياسة أسمنتية للأسقف (الأقبية والأرضي),m²,28.0,القسم 9 - تشطيبات الأسقف / DIVISION 9 - CEILING FINISHES | Cement plaster ceiling (all basements & GF) | مصدر: عرض مشروع قلب نجد 2026
INT-9.3.2,التشطيبات الداخلية والأعمال المعمارية,سقف شد PVC مع إضاءة LED وإطار ألمنيوم,m²,240.0,القسم 9 - تشطيبات الأسقف / DIVISION 9 - CEILING FINISHES | LUXU PVC stretch ceiling membrane w/ LED lighting & aluminium frame (5331 4.3) | مصدر: عرض مشروع قلب نجد 2026
INT-9.3.3,التشطيبات الداخلية والأعمال المعمارية,ألواح جبس 13مم - نظام قياسي,m²,85.0,القسم 9 - تشطيبات الأسقف / DIVISION 9 - CEILING FINISHES | 13mm plasterboard linings - standard system (5113 4.1) | مصدر: عرض مشروع قلب نجد 2026
INT-9.3.4,التشطيبات الداخلية والأعمال المعمارية,إصلاح وتوريد دهانات ومضاد كربنة - الأسقف,m²,23.0,القسم 9 - تشطيبات الأسقف / DIVISION 9 - CEILING FINISHES | Repair/supply/apply paint & anti-carbonation paint - Ceiling | مصدر: عرض مشروع قلب نجد 2026
INT-9.3.5,التشطيبات الداخلية والأعمال المعمارية,ألواح سقف ستانلس أسود هيرلاين - سقف كابينة المصعد,m²,650.0,القسم 9 - تشطيبات الأسقف / DIVISION 9 - CEILING FINISHES | Black stainless ceiling panels hairline finish - Lift car ceiling | مصدر: عرض مشروع قلب نجد 2026
INT-9.4.1,التشطيبات الداخلية والأعمال المعمارية,وزرة نحاسية من لوح 1.0مم بظهر خشب 18مم,Lm,180.0,"القسم 9 - الوزرات / DIVISION 9 - SKIRTING | Brass skirting formed out of 1.0mm BMT sheet, 18mm plywood backing (4910 4.8) | مصدر: عرض مشروع قلب نجد 2026"
INT-9.4.2,التشطيبات الداخلية والأعمال المعمارية,وزرة خرسانة ظاهرة 100×20مم مطابقة للأرضية,Lm,52.0,القسم 9 - الوزرات / DIVISION 9 - SKIRTING | 100mm ht x 20mm thick fair face concrete skirting to match floor | مصدر: عرض مشروع قلب نجد 2026
INT-12.2.1,التشطيبات الداخلية والأعمال المعمارية,لوحة دليل قبو 500×1000مم؛ SG01,No,1900.0,القسم 12 - التأثيث (لوحات، أدوات صحية، شاشة LED) / DIVISION  | Basement directory signage 500x1000mm; SG01 | مصدر: عرض مشروع قلب نجد 2026
INT-12.2.2,التشطيبات الداخلية والأعمال المعمارية,لوحة دليل لوبي أرضي 500×1000مم؛ SG02,No,1900.0,القسم 12 - التأثيث (لوحات، أدوات صحية، شاشة LED) / DIVISION  | GF lobby directory 500x1000mm; SG02 | مصدر: عرض مشروع قلب نجد 2026
INT-12.2.3,التشطيبات الداخلية والأعمال المعمارية,لوحة مواقف؛ SG06,No,650.0,القسم 12 - التأثيث (لوحات، أدوات صحية، شاشة LED) / DIVISION  | Parking signage; SG06 | مصدر: عرض مشروع قلب نجد 2026
INT-12.2.4,التشطيبات الداخلية والأعمال المعمارية,لوحة معلومات؛ SG07,No,1200.0,القسم 12 - التأثيث (لوحات، أدوات صحية، شاشة LED) / DIVISION  | Information signage; SG07 | مصدر: عرض مشروع قلب نجد 2026
INT-12.2.5,التشطيبات الداخلية والأعمال المعمارية,لوحة صالة؛ SG08,No,1200.0,القسم 12 - التأثيث (لوحات، أدوات صحية، شاشة LED) / DIVISION  | Lounge signage; SG08 | مصدر: عرض مشروع قلب نجد 2026
INT-12.2.6,التشطيبات الداخلية والأعمال المعمارية,لوحة فندق؛ SG09,No,1200.0,القسم 12 - التأثيث (لوحات، أدوات صحية، شاشة LED) / DIVISION  | Hotel signage; SG09 | مصدر: عرض مشروع قلب نجد 2026
INT-12.2.7,التشطيبات الداخلية والأعمال المعمارية,لوحة مصعد؛ SG10,No,620.0,القسم 12 - التأثيث (لوحات، أدوات صحية، شاشة LED) / DIVISION  | Lift signage; SG10 | مصدر: عرض مشروع قلب نجد 2026
INT-12.2.8,التشطيبات الداخلية والأعمال المعمارية,لوحة كبائن المصاعد؛ SG11,No,620.0,القسم 12 - التأثيث (لوحات، أدوات صحية، شاشة LED) / DIVISION  | Lift cars signage; SG11 | مصدر: عرض مشروع قلب نجد 2026
INT-12.2.9,التشطيبات الداخلية والأعمال المعمارية,لوحة مصاعد كبار الزوار؛ SG12,No,620.0,القسم 12 - التأثيث (لوحات، أدوات صحية، شاشة LED) / DIVISION  | VIP lifts signage; SG12 | مصدر: عرض مشروع قلب نجد 2026
INT-12.2.10,التشطيبات الداخلية والأعمال المعمارية,لوحة مصلى رجال؛ SG18,No,620.0,القسم 12 - التأثيث (لوحات، أدوات صحية، شاشة LED) / DIVISION  | Male prayer room signage; SG18 | مصدر: عرض مشروع قلب نجد 2026
INT-12.2.11,التشطيبات الداخلية والأعمال المعمارية,لوحة مصلى نساء؛ SG19,No,620.0,القسم 12 - التأثيث (لوحات، أدوات صحية، شاشة LED) / DIVISION  | Female prayer room signage; SG19 | مصدر: عرض مشروع قلب نجد 2026
INT-12.2.12,التشطيبات الداخلية والأعمال المعمارية,لوحة دورة مياه رجال؛ SG20,No,620.0,القسم 12 - التأثيث (لوحات، أدوات صحية، شاشة LED) / DIVISION  | Male toilet signage; SG20 | مصدر: عرض مشروع قلب نجد 2026
INT-12.2.13,التشطيبات الداخلية والأعمال المعمارية,لوحة دورة مياه نساء؛ SG21,No,620.0,القسم 12 - التأثيث (لوحات، أدوات صحية، شاشة LED) / DIVISION  | Female toilet signage; SG21 | مصدر: عرض مشروع قلب نجد 2026
INT-12.2.14,التشطيبات الداخلية والأعمال المعمارية,لوحة دورة مياه ذوي احتياجات؛ SG22,No,620.0,القسم 12 - التأثيث (لوحات، أدوات صحية، شاشة LED) / DIVISION  | Accessible toilet signage; SG22 | مصدر: عرض مشروع قلب نجد 2026
INT-12.2.15,التشطيبات الداخلية والأعمال المعمارية,نقش خط عربي على ألواح حجر رملي,No,8500.0,القسم 12 - التأثيث (لوحات، أدوات صحية، شاشة LED) / DIVISION  | Arabic calligraphy engraving on sandstone panels (ID6-011) | مصدر: عرض مشروع قلب نجد 2026
INT-12.3.1,التشطيبات الداخلية والأعمال المعمارية,مغسلة تحت الكاونتر؛ SW-01,No,1800.0,القسم 12 - التأثيث (لوحات، أدوات صحية، شاشة LED) / DIVISION  | Undercounter washbasin; SW-01 | مصدر: عرض مشروع قلب نجد 2026
INT-12.3.2,التشطيبات الداخلية والأعمال المعمارية,وحدة صابون/هواء/ورق؛ SW-02,No,450.0,القسم 12 - التأثيث (لوحات، أدوات صحية، شاشة LED) / DIVISION  | Soap/air/paper module; SW-02 | مصدر: عرض مشروع قلب نجد 2026
INT-12.3.3,التشطيبات الداخلية والأعمال المعمارية,خلاط؛ SW-03,No,850.0,القسم 12 - التأثيث (لوحات، أدوات صحية، شاشة LED) / DIVISION  | Faucet; SW-03 | مصدر: عرض مشروع قلب نجد 2026
INT-12.3.4,التشطيبات الداخلية والأعمال المعمارية,مرحاض معلق بغطاء وخزان مخفي؛ SW-04,No,2600.0,القسم 12 - التأثيث (لوحات، أدوات صحية، شاشة LED) / DIVISION  | Wall hung water closet w/ cover & concealed flush tank; SW-04 | مصدر: عرض مشروع قلب نجد 2026
INT-12.3.5,التشطيبات الداخلية والأعمال المعمارية,حامل ورق مرحاض؛ SW-07,No,180.0,القسم 12 - التأثيث (لوحات، أدوات صحية، شاشة LED) / DIVISION  | Toilet roll holder; SW-07 | مصدر: عرض مشروع قلب نجد 2026
INT-12.3.6,التشطيبات الداخلية والأعمال المعمارية,علاقة مناشف؛ SW-08,No,120.0,القسم 12 - التأثيث (لوحات، أدوات صحية، شاشة LED) / DIVISION  | Towel hook; SW-08 | مصدر: عرض مشروع قلب نجد 2026
INT-12.3.7,التشطيبات الداخلية والأعمال المعمارية,صفاية أرضية؛ SW-09,No,160.0,القسم 12 - التأثيث (لوحات، أدوات صحية، شاشة LED) / DIVISION  | Floor drain; SW-09 | مصدر: عرض مشروع قلب نجد 2026
INT-12.3.8,التشطيبات الداخلية والأعمال المعمارية,مغسلة ذوي احتياجات؛ SW-10,No,1050.0,القسم 12 - التأثيث (لوحات، أدوات صحية، شاشة LED) / DIVISION  | Accessible basin; SW-10 | مصدر: عرض مشروع قلب نجد 2026
INT-12.3.9,التشطيبات الداخلية والأعمال المعمارية,مسكة أفقية؛ SW-11,No,190.0,القسم 12 - التأثيث (لوحات، أدوات صحية، شاشة LED) / DIVISION  | Horizontal grab bar; SW-11 | مصدر: عرض مشروع قلب نجد 2026
INT-12.3.10,التشطيبات الداخلية والأعمال المعمارية,مسكة رأسية؛ SW-11,No,380.0,القسم 12 - التأثيث (لوحات، أدوات صحية، شاشة LED) / DIVISION  | Vertical grab bar; SW-11 | مصدر: عرض مشروع قلب نجد 2026
INT-12.3.11,التشطيبات الداخلية والأعمال المعمارية,مسكة قابلة للطي,No,820.0,القسم 12 - التأثيث (لوحات، أدوات صحية، شاشة LED) / DIVISION  | Folding grab bar | مصدر: عرض مشروع قلب نجد 2026
INT-12.3.12,التشطيبات الداخلية والأعمال المعمارية,مرحاض مقفل مزدوج؛ SW-12,No,1600.0,القسم 12 - التأثيث (لوحات، أدوات صحية، شاشة LED) / DIVISION  | Closed coupled toilet; SW-12 | مصدر: عرض مشروع قلب نجد 2026
INT-12.3.13,التشطيبات الداخلية والأعمال المعمارية,بيديه؛ SW-13,No,445.0,القسم 12 - التأثيث (لوحات، أدوات صحية، شاشة LED) / DIVISION  | Bidette; SW-13 | مصدر: عرض مشروع قلب نجد 2026
INT-12.3.14,التشطيبات الداخلية والأعمال المعمارية,كراسي وضوء,No,210.0,القسم 12 - التأثيث (لوحات، أدوات صحية، شاشة LED) / DIVISION  | Ablution seats | مصدر: عرض مشروع قلب نجد 2026
INT-12.3.15,التشطيبات الداخلية والأعمال المعمارية,مرآة 520×900مم,No,520.0,القسم 12 - التأثيث (لوحات، أدوات صحية، شاشة LED) / DIVISION  | 520x900mm vanity mirror | مصدر: عرض مشروع قلب نجد 2026
INT-12.3.16,التشطيبات الداخلية والأعمال المعمارية,مرآة زجاج أمان 850×2000مم,No,650.0,القسم 12 - التأثيث (لوحات، أدوات صحية، شاشة LED) / DIVISION  | 850x2000mm safety glass mirror | مصدر: عرض مشروع قلب نجد 2026
INT-12.3.17,التشطيبات الداخلية والأعمال المعمارية,حاوية نفايات جدارية مخفية,No,385.0,القسم 12 - التأثيث (لوحات، أدوات صحية، شاشة LED) / DIVISION  | Concealed wall mounted garbage bin | مصدر: عرض مشروع قلب نجد 2026
INT-12.4.1,التشطيبات الداخلية والأعمال المعمارية,شاشة LED كبيرة 4K، P1.8، 5780×10750مم، متحكم Vx16s+i7,No,385000.0,"القسم 12 - التأثيث (لوحات، أدوات صحية، شاشة LED) / DIVISION  | Large-format LED display 4K, P1.8, 5780H x 10750W mm, controller Vx16s+i7, media | مصدر: عرض مشروع قلب نجد 2026"
INT-13.01,التشطيبات الداخلية والأعمال المعمارية,كاونتر صالة F-01,No,28000.0,الأثاث الثابت / FIXED FURNITURE | Lounge counter F-01 | مصدر: عرض مشروع قلب نجد 2026
INT-13.02,التشطيبات الداخلية والأعمال المعمارية,مكتب خدمة/كاشير + مطبخ صغير F-03,No,28000.0,الأثاث الثابت / FIXED FURNITURE | Serving/cashier desk + kitchenette F-03 | مصدر: عرض مشروع قلب نجد 2026
INT-13.03,التشطيبات الداخلية والأعمال المعمارية,كاونتر استقبال F-04,No,52000.0,الأثاث الثابت / FIXED FURNITURE | Reception counter F-04 | مصدر: عرض مشروع قلب نجد 2026
INT-13.04,التشطيبات الداخلية والأعمال المعمارية,كاونتر مغاسل F-05,No,20000.0,الأثاث الثابت / FIXED FURNITURE | Vanity counter F-05 | مصدر: عرض مشروع قلب نجد 2026
INT-14.01,التشطيبات الداخلية والأعمال المعمارية,هدم جدران قائمة - قبو 3/2/1 (شامل الحماية والترحيل),m²,27.0,"أعمال الهدم / DEMOLITIONS | Demolition existing walls - Basement 3/2/1 (incl protection, disposal off-site) | مصدر: عرض مشروع قلب نجد 2026"
INT-14.02,التشطيبات الداخلية والأعمال المعمارية,هدم جدران قائمة - أرضي/ميزانين/أول,m²,27.0,أعمال الهدم / DEMOLITIONS | Demolition existing walls - GF / GF Mezz / First Floor | مصدر: عرض مشروع قلب نجد 2026
INT-14.03,التشطيبات الداخلية والأعمال المعمارية,هدم جدران قائمة - الدور 4 حتى 20 (17 دور فندقي),m²,27.0,أعمال الهدم / DEMOLITIONS | Demolition existing walls - 4th to 20th floor (17 hotel floors) | مصدر: عرض مشروع قلب نجد 2026
INT-14.04,التشطيبات الداخلية والأعمال المعمارية,هدم جدران قائمة - الدور 21 حتى 56 (مكاتب),m²,30.0,أعمال الهدم / DEMOLITIONS | Demolition existing walls - 21st to 56th office floor | مصدر: عرض مشروع قلب نجد 2026
INT-15.01,التشطيبات الداخلية والأعمال المعمارية,بلوك خرساني مفرغ 200مم (ارتفاع 5م) - قبو 3/2/1,m²,80.0,"أعمال البناء / MASONRY | Hollow concrete blockwork 200mm (h=5m), incl filling/joint filler/wall ties - Ba | مصدر: عرض مشروع قلب نجد 2026"
INT-15.02,التشطيبات الداخلية والأعمال المعمارية,بلوك خرساني مفرغ 200مم - أرضي/ميزانين/أول,m²,80.0,أعمال البناء / MASONRY | Hollow concrete blockwork 200mm - GF / GF Mezz / First Floor | مصدر: عرض مشروع قلب نجد 2026
INT-15.03,التشطيبات الداخلية والأعمال المعمارية,بلوك خرساني مفرغ 200مم - ميزانين أول حتى 58,m²,80.0,أعمال البناء / MASONRY | Hollow concrete blockwork 200mm - First Mezzanine to 58th floor | مصدر: عرض مشروع قلب نجد 2026
INT-15.04,التشطيبات الداخلية والأعمال المعمارية,بلوك خرساني مفرغ 200مم - جدران المصاعد,m²,110.0,أعمال البناء / MASONRY | Hollow concrete blockwork 200mm - Elevator walls | مصدر: عرض مشروع قلب نجد 2026
INT-15.05,التشطيبات الداخلية والأعمال المعمارية,بلوك خرساني مفرغ 200مم - الدور 21 حتى 56 (مكاتب),m²,100.0,أعمال البناء / MASONRY | Hollow concrete blockwork 200mm - 21st to 56th office floor | مصدر: عرض مشروع قلب نجد 2026
LIT-LT.1,أعمال الإنارة,إضاءة أرضية UP1 - SIMES، LED 2W، IP67,nos,527.0,"الإنارة - أ. توريد الوحدات / LIGHTING - A. SUPPLY OF FIXTURE | Underground Light UP1 - SIMES S.5681W.14, LED 2W 330lm 3000K, IP67 | مصدر: عرض مشروع قلب نجد 2026"
LIT-LT.2,أعمال الإنارة,إضاءة أرضية UP2 - SIMES، LED 2W، IP67,nos,493.0,"الإنارة - أ. توريد الوحدات / LIGHTING - A. SUPPLY OF FIXTURE | Underground Light UP2 - SIMES S.5683W.14, LED 2W 330lm 3000K, IP67 | مصدر: عرض مشروع قلب نجد 2026"
LIT-LT.3,أعمال الإنارة,كشاف SP1 - LED 20W، IP65,nos,672.0,"الإنارة - أ. توريد الوحدات / LIGHTING - A. SUPPLY OF FIXTURE | Spot Light SP1 - UL-5933, AC LED 20W 1160lm 38° 3000K, IP65 | مصدر: عرض مشروع قلب نجد 2026"
LIT-LT.4,أعمال الإنارة,إضاءة جدارية WL1 - LED 7.2W، IP65,nos,413.0,"الإنارة - أ. توريد الوحدات / LIGHTING - A. SUPPLY OF FIXTURE | Wall Light WL1 - UL-6071 Luna ramp recessed, LED 7.2W 180lm 3000K, IP65 | مصدر: عرض مشروع قلب نجد 2026"
LIT-LT.5,أعمال الإنارة,إضاءة جدارية WL2 - LED 14W، IP66,nos,442.0,"الإنارة - أ. توريد الوحدات / LIGHTING - A. SUPPLY OF FIXTURE | Wall Light WL2 - UL-5061 Mini Mira up/down, LED 14W 960lm 18° 3000K, IP66 | مصدر: عرض مشروع قلب نجد 2026"
LIT-LT.6,أعمال الإنارة,إضاءة جدارية WL3 - LED 8W، IP66,nos,383.0,"الإنارة - أ. توريد الوحدات / LIGHTING - A. SUPPLY OF FIXTURE | Wall Light WL3 - UL-5060 Mini Mira down, LED 8W 810lm 104° 3000K, IP66 | مصدر: عرض مشروع قلب نجد 2026"
LIT-LT.7,أعمال الإنارة,عمود إنارة PL1 - LED 38W، IP66، عمود ألمنيوم 4500مم,nos,1743.0,"الإنارة - أ. توريد الوحدات / LIGHTING - A. SUPPLY OF FIXTURE | Pole Light PL1 - UL-7780 Korner1, LED 38W 4210lm T3 3000K, IP66, alu pole 4500mm | مصدر: عرض مشروع قلب نجد 2026"
LIT-LT.8,أعمال الإنارة,إضاءة خطية منحنية RL1 - LED 8.1W، IP67,nos,722.5,"الإنارة - أ. توريد الوحدات / LIGHTING - A. SUPPLY OF FIXTURE | Radius Linear Light RL1 - SIMES S.5402W, LED 8.1W 1260lm 3000K, IP67 | مصدر: عرض مشروع قلب نجد 2026"
LIT-LT.9,أعمال الإنارة,إضاءة خطية LL2 - LED 18W، IP66,nos,467.5,"الإنارة - أ. توريد الوحدات / LIGHTING - A. SUPPLY OF FIXTURE | Linear Light LL2 - LS-MST-XY6025, LED 18W 1620lm 25° 24VDC 3000K, IP66 | مصدر: عرض مشروع قلب نجد 2026"
LIT-LT.10,أعمال الإنارة,شريط LED1 - 4W/م، IP67 + محولات Meanwell,nos,289.0,"الإنارة - أ. توريد الوحدات / LIGHTING - A. SUPPLY OF FIXTURE | LED Strip Light LED1 - LS-MAWLM-3528, 4W/m 3000K 24V, IP67 + Meanwell drivers | مصدر: عرض مشروع قلب نجد 2026"
LIT-LT.11,أعمال الإنارة,شريط LED2 - 9W/م، IP65 + محولات Meanwell,nos,306.0,"الإنارة - أ. توريد الوحدات / LIGHTING - A. SUPPLY OF FIXTURE | LED Strip Light LED2 - LS-MPLW-T120, 9W/m 3000K 24VDC, IP65 + Meanwell drivers | مصدر: عرض مشروع قلب نجد 2026"
LIT-LT.12,أعمال الإنارة,شريط LED3 - 9W/م، IP68 + هيكل ستانلس,nos,357.0,"الإنارة - أ. توريد الوحدات / LIGHTING - A. SUPPLY OF FIXTURE | LED Strip Light LED3 - LS-LLS14, 9W/m 3000K 24VDC, IP68 + SS housing | مصدر: عرض مشروع قلب نجد 2026"
LIT-LT.13,أعمال الإنارة,عمود إنارة BL4 - LED 16.3W، IP66,nos,1190.0,"الإنارة - أ. توريد الوحدات / LIGHTING - A. SUPPLY OF FIXTURE | Bollard Light BL4 - LEDS-55-E088, LED 16.3W 729lm 105° 3000K CRI90, IP66 | مصدر: عرض مشروع قلب نجد 2026"
LIT-LB.1,أعمال الإنارة,إضاءة سبوت LED للمناطق المنخفضة - 10W 600lm,No,212.5,الإنارة - ب. التركيب (الداخلي) / LIGHTING - B. INSTALLATION  | LED down light single height areas - Luxo 3 Basic CoB black 10W 600lm 3000K (770 | مصدر: عرض مشروع قلب نجد 2026
LIT-LB.2,أعمال الإنارة,شريط LED سطحي التركيب,Lm,102.0,الإنارة - ب. التركيب (الداخلي) / LIGHTING - B. INSTALLATION  | Surface mounted LED strip light (7705 4.15-4.14) | مصدر: عرض مشروع قلب نجد 2026
LIT-LB.3,أعمال الإنارة,ثريا مخصصة نوع 1 - لوبي أرضي جنوب,Item,35000.0,الإنارة - ب. التركيب (الداخلي) / LIGHTING - B. INSTALLATION  | Custom Chandelier type 1 incl downlights - GF Lobby South (7702 4.9) | مصدر: عرض مشروع قلب نجد 2026
LIT-LB.4,أعمال الإنارة,ثريا مخصصة نوع 2 - ميزانين أرضي,Item,35000.0,الإنارة - ب. التركيب (الداخلي) / LIGHTING - B. INSTALLATION  | Custom Chandelier type 2 incl downlights - GF Mezzanine (7702 4.10) | مصدر: عرض مشروع قلب نجد 2026
LIT-LB.5,أعمال الإنارة,ثريا مخصصة نوع 3 - لوبي مصعد كبار الزوار,Item,35000.0,الإنارة - ب. التركيب (الداخلي) / LIGHTING - B. INSTALLATION  | Custom Chandelier type 3 incl downlights - GF VIP lift Lobby (7702 4.11) | مصدر: عرض مشروع قلب نجد 2026
LIT-LB.6,أعمال الإنارة,لوحة لمس (الدور الأرضي),No,722.5,الإنارة - ب. التركيب (الداخلي) / LIGHTING - B. INSTALLATION  | Touch pad (Ground floor) | مصدر: عرض مشروع قلب نجد 2026
LIT-LB.7,أعمال الإنارة,نقطة حساس حركة,No,251.0,الإنارة - ب. التركيب (الداخلي) / LIGHTING - B. INSTALLATION  | Motion sensor point | مصدر: عرض مشروع قلب نجد 2026
LIT-LB.8,أعمال الإنارة,لوحة تحكم إنارة LCP,No,1530.0,الإنارة - ب. التركيب (الداخلي) / LIGHTING - B. INSTALLATION  | LCP (Lighting control panel) | مصدر: عرض مشروع قلب نجد 2026
LIT-LB.9,أعمال الإنارة,إضاءة لوحة دائرية,LS,9775.0,الإنارة - ب. التركيب (الداخلي) / LIGHTING - B. INSTALLATION  | Circular Panel Lighting | مصدر: عرض مشروع قلب نجد 2026
LIT-LB.10,أعمال الإنارة,إضاءة خلفية لأسقف الشد,m²,272.0,الإنارة - ب. التركيب (الداخلي) / LIGHTING - B. INSTALLATION  | Back lighting to stretch membrane ceilings (7702 4.6) | مصدر: عرض مشروع قلب نجد 2026
RAC-001,أنظمة السلامة والحريق (RAC),رشاشات مخفية TYCO / Concealed sprinkler heads,عدد,40.0,الحماية من الحريق والإنذار / FIRE PROTECTION & ALARM | رشاش مخفي معتمد UL/FM وربط بالشبكة القائمة | مصدر: جدول كميات RAC 2026
RAC-002,أنظمة السلامة والحريق (RAC),تعديل شبكة إطفاء / FF pipework modification,م.ط,90.0,الحماية من الحريق والإنذار / FIRE PROTECTION & ALARM | تعديل مواسير حديد أسود مع اختبار ضغط | مصدر: جدول كميات RAC 2026
RAC-003,أنظمة السلامة والحريق (RAC),كواشف دخان / Smoke detectors,عدد,170.0,الحماية من الحريق والإنذار / FIRE PROTECTION & ALARM | كاشف ضوئي معنون addressable معتمد | مصدر: جدول كميات RAC 2026
RAC-004,أنظمة السلامة والحريق (RAC),كواشف حرارة (مطبخ) / Heat detectors,عدد,250.0,الحماية من الحريق والإنذار / FIRE PROTECTION & ALARM | كاشف حراري للمناطق الحارة/المطبخ | مصدر: جدول كميات RAC 2026
RAC-005,أنظمة السلامة والحريق (RAC),نقاط إنذار يدوية / Manual call points,عدد,300.0,الحماية من الحريق والإنذار / FIRE PROTECTION & ALARM | نقطة إنذار يدوية معنونة | مصدر: جدول كميات RAC 2026
RAC-006,أنظمة السلامة والحريق (RAC),أجراس وفلاشرات / Sounders & flashers,عدد,200.0,الحماية من الحريق والإنذار / FIRE PROTECTION & ALARM | جرس/فلاشر إنذار معتمد | مصدر: جدول كميات RAC 2026
RAC-007,أنظمة السلامة والحريق (RAC),طفايات حريق 6كجم / Fire extinguishers 6kg,عدد,180.0,الحماية من الحريق والإنذار / FIRE PROTECTION & ALARM | طفاية بودرة/CO2 مع لوحة إرشادية | مصدر: جدول كميات RAC 2026
RAC-008,أنظمة السلامة والحريق (RAC),ربط وتشغيل مع نظام RAC / FA integration & commissioning,LS,5000.0,الحماية من الحريق والإنذار / FIRE PROTECTION & ALARM | ربط اللوحة مع نظام الإنذار الرئيسي لـ RAC واختبار | مصدر: جدول كميات RAC 2026
RAC-009,أنظمة السلامة والحريق (RAC),مخارج شبكة CAT6A / Structured cabling CAT6A outlets,عدد,180.0,التيار الخفيف / LOW-CURRENT (ELV) | منفذ CAT6A مع كابل واختبار Fluke | مصدر: جدول كميات RAC 2026
RAC-010,أنظمة السلامة والحريق (RAC),خزانة بيانات ولوحة توصيل / Data cabinet & patch panel,عدد,6500.0,التيار الخفيف / LOW-CURRENT (ELV) | خزانة 12-18U مع باتش ومنظم كابلات | مصدر: جدول كميات RAC 2026
RAC-011,أنظمة السلامة والحريق (RAC),تحكم دخول (قارئ+قفل+مزود) / Access control per door,عدد,2400.0,التيار الخفيف / LOW-CURRENT (ELV) | قارئ بطاقة ZKT + قفل مغناطيسي + مزود طاقة | مصدر: جدول كميات RAC 2026
RAC-012,أنظمة السلامة والحريق (RAC),كاميرات مراقبة 8MP / CCTV cameras,عدد,850.0,التيار الخفيف / LOW-CURRENT (ELV) | كاميرا IP 8MP وربط بنظام RAC القائم | مصدر: جدول كميات RAC 2026
RAC-013,أنظمة السلامة والحريق (RAC),نظام نداء/اتصال داخلي / PA / intercom (if required),LS,4500.0,التيار الخفيف / LOW-CURRENT (ELV) | سماعات ونقاط نداء داخلي عند اللزوم | مصدر: جدول كميات RAC 2026
RAC-014,أنظمة السلامة والحريق (RAC),خزائن مطبخ سفلية/علوية مع كاونتر / Kitchen base & wall units + counter,م.ط,1800.0,النجارة والأعمال الخشبية / JOINERY & MILLWORK | خزائن HPL مقاومة للرطوبة + سطح كوارتز/كورين | مصدر: جدول كميات RAC 2026
RAC-015,أنظمة السلامة والحريق (RAC),كاونتر استقبال/سكرتارية / Reception/secretary counter,عدد,4500.0,النجارة والأعمال الخشبية / JOINERY & MILLWORK | كاونتر مصنّع HPL/كورين حسب التصميم | مصدر: جدول كميات RAC 2026
RAC-016,أنظمة السلامة والحريق (RAC),أرفف تخزين / Storage shelving,LS,3500.0,النجارة والأعمال الخشبية / JOINERY & MILLWORK | أرفف معدنية/خشبية لغرفة التخزين | مصدر: جدول كميات RAC 2026
